﻿<parameters>
  <parameter name="IIS Web Application Name" defaultValue="Default Web Site/Webview_deploy" tags="IisApp">
    <parameterEntry kind="ProviderPath" scope="IisApp" match="^C:\\Users\\Willy\\Documents\\GitHub\\Expedicore\\Webview\\obj\\Release\\Package\\PackageTmp$" />
    <parameterEntry kind="ProviderPath" scope="setAcl" match="^C:\\Users\\Willy\\Documents\\GitHub\\Expedicore\\Webview\\obj\\Release\\Package\\PackageTmp$" />
  </parameter>
  <parameter name="DefaultConnection-Web.config Connection String" defaultValue="Data Source=.\SQLEXPRESS;Initial Catalog=ExpedicoPPJK;Persist Security Info=True;User ID=sa;Password=Ssd123">
    <parameterEntry kind="XmlFile" scope="C:\\Users\\Willy\\Documents\\GitHub\\Expedicore\\Webview\\obj\\Release\\Package\\PackageTmp\\Web\.config$" match="/configuration/connectionStrings/add[@name='DefaultConnection']/@connectionString" />
  </parameter>
  <parameter name="ExpedicoPPJK-Web.config Connection String" defaultValue="Data Source=.\SQLEXPRESS;Initial Catalog=ExpedicoPPJK;Persist Security Info=True;User ID=sa;Password=Ssd123">
    <parameterEntry kind="XmlFile" scope="C:\\Users\\Willy\\Documents\\GitHub\\Expedicore\\Webview\\obj\\Release\\Package\\PackageTmp\\Web\.config$" match="/configuration/connectionStrings/add[@name='ExpedicoPPJK']/@connectionString" />
  </parameter>
</parameters>